License Plate,Location,Area,Manufacture,Model,Model Year,VIN,Mileage,Comments,
A333313,Northwood,2,Dodge,Ram 1500 4x4 Crew Cab,2005,1D7HU18P55J585941,"44,318",,
A333320,Oskaloosa,5,Dodge,Ram 1500 4x4 Crew Cab,2005,1D7HU18P75J585939,"21,286",,
A333322,Toledo,3,Dodge,Ram 1500 4x4 Ext Cab,2005,1D7HU18P35J585940,"23,687",,
A333325,Independence,3,Dodge,Dakota 4x4 Club Cab,2005,1D7HW42K25S251112,"25,895",,
A333331,Manchester,3,Dodge,Ram 1500 4x4 Ext Cab,2005,1D7HU18P75J585942,"33,104",,
A333337,Orange City,1,Dodge,Dakota 4x4 Club Cab,2005,1D7HW42K45S251130,"31,910",,
A333341,Newton,2,Ford,Taurus,2005,1FAFP53275A271404,"28,032",,
A333342,Davenport,5,Ford,Taurus,2005,1FAFP53295A271405,"8,110",,
A333347,Rockwell City,1,Dodge,Ram 1500 4x4 Ext Cab,2005,1D7HU18P05J585930,"24,523",,
A333354,Iowa Falls,2,Dodge,Dakota 4x4 Club Cab,2005,1D7HW42K25S251126,"31,991",,
A333355,Malcom,5,Dodge,Dakota 4x4 Club Cab,2005,1D7HE42K45S251051,"23,483",,
A333360,Garner,2,Dodge,Dakota 4x4 Club Cab,2005,1D7HW42K05S251108,"16,179",,
A333365,Thompson,2,Dodge,Dakota 4x4 Club Cab,2005,1D7HW42K65S251131,"34,339",,
A333367,Webster City,2,Dodge,Dakota 4x4 Club Cab,2005,1D7HW42K95S251110,"27,133",,
A333368,Adel,2,Dodge,Dakota 4x2 Club Cab,2005,1D7HE42K35S251056,"33,589",,
A333370,Indianola,2,Dodge,Dakota 4x4 Club Cab,2005,1D7HW42K25S251109,"15,508",,
A333380,Rock Rapids,1,Dodge,Dakota 4x4 Club Cab,2005,1D7HW48K05S262469,"35,527",,
A333381,Donnellson ,5,Dodge,Dakota 4x4 Club Cab,2005,1D7HW48K95S262468,"34,410",,
A333384,Euclid Drill Rig,SO,Freightliner,M2 106,2005,1FVHCYCS35HV26335,"13,898",,
A335186,Donnellson ,5,Chevrolet,K1500 4x4 Ext Cab,2005,1GCEK19V15E323956,"17,862",,
A335188,Iowa Falls,2,Dodge,Ram 1500 4x2 Crew Cab,2004,1D7HA18PX4J275808,"17,666",,
A335195,Spencer,1,Dodge,Dakota 4x4 Club Cab,2007,1D7HW22P47S166646,"13,880",,
A335355,LeMars,1,Dodge,Dakota 4x4 Club Cab,2007,1D7HW22P97S166626,"18,405",,
A335358,Clarion,2,Dodge,Dakota 4x4 Club Cab,2007,1D7HW22P37S166637,"23,564",,
A335359,Jefferson,2,Dodge,Dakota 4x4 Club Cab,2007,1D7HW22P27S166631,"15,158",,
A335360,Allison,2,Dodge,Dakota 4x4 Club Cab,2007,1D7HW22P87S166634,"15,596",,
A335361,Storm Lake,1,Dodge,Dakota 4x4 Club Cab,2007,1D7HW22P27S166645,"11,753",,
A335362,Anamosa,3,Dodge,Dakota 4x4 Club Cab,2007,1D7HW22P17S166622,"18,916",,
A335368,Wapello,5,Dodge,Dakota 4x4 Ext Cab,2009,1D3HW32P09S762380,"2,154",,
A335369,Onawa,1,Dodge,Dakota 4x4 Ext Cab,2009,1D3HW32P09S762394,"3,749",,
A335373,Cherokee,1,Dodge,Dakota 4x4 Ext Cab,2009,1D3HW32P59S762388,"3,886",,
A335374,Toledo,3,Dodge,Dakota 4x4 Ext Cab,2009,1D3HW32P09S762377,"3,169",,
A335375,Waterloo,3,Dodge,Dakota 4x4 Ext Cab,2009,1D3HW32P19S762405,"6,007",,
A335376,Sigourney,5,Dodge,Dakota 4x4 Ext Cab,2009,1D3HW32P69S762383,"2,793",,
A335377,Bloomfield,5,Dodge,Dakota 4x4 Ext Cab,2009,1D3HW32P19S762386,"6,890",,
A335378,Fairfield FO,5,Dodge,Dakota 4x4 Ext Cab,2009,1D3HW32P99S762359,"2,218",,
A335379,Cresco,3,Dodge,Dakota 4x4 Ext Cab,2009,1D3HW32P39S762387,"6,948",,
A335380,Corning,4,Dodge,Dakota 4x4 Ext Cab,2009,1D3HW32P29S762364,"3,305",,
A336031,Emmetsburg,1,Dodge,Dakota 4x4 Club Cab,2007,1D7HW22P57S166638,"13,746",,
A336033,Northwood,2,Dodge,Ram 1500 4x4 Ext Cab,2005,1D7HU18P45J585932,"31,422",,
A336037,Spirit Lake,1,Dodge,Dakota 4x4 Quad Cab,2006,1D7HW28K06S594658,"21,530",,
A336038,Ankeny,2,Dodge,Dakota 4x4 Quad Cab,2006,1D7HW28K06S594661,"36,471",,
A336039,Guthrie Center,2,Dodge,Dakota 4x4 Quad Cab,2006,1D7HW28K46S594663,"30,843",,
A336044,State Office,SO,Chevrolet,Suburban,2006,3GNGK26UX6G234706,,,
A336045,Anamosa,3,Dodge,Dakota 4x4 Quad Cab,2006,1D7HW28K566694655,"26,233",,
A336047,Onawa,1,Dodge,Dakota 4x4 Quad Cab,2006,1D7HW28K76S594656,"21,478",,
A336054,Williamsburg Eng,5,Chevrolet,Trailblazer,2006,1GNDT13S462244671,"19,778",,
A336058,Oakland,4,Dodge,Ram 1500 4x4 Crew Cab,2006,1D7HU18P56J167056,"25,275",,
A336059,Boone,2,Dodge,Ram 1500 4x4 Crew Cab,2006,1D7HU18P56J167882,"25,508",,
A336060,Osceola,4,Dodge,Ram 1500 4x4 Ext Cab,2006,1D7HU18P86J167892,"17,546",,
A336065,Bedford,4,Dodge,Ram 1500 4x4 Crew Cab,2006,1D7HU18P16J167880,"28,969",,
A336066,Bloomfield,5,Dodge,Ram 1500 4x4 Ext Cab,2006,1D7HU18P86J167875,"28,033",,
A336068,Leon,4,Dodge,Ram 1500 4x4 Crew Cab,2006,1D7HU18P36J167878,"31,164",,
A336069,Audubon,4,Dodge,Ram 1500 4x4 Ext Cab,2006,1D7HU18P46J167887,"9,878",,
A336070,Manchester,3,Dodge,Ram 1500 4x4 Ext Cab,2006,1D7HU18P56J167879,"32,116",,
A336071,Guthrie Center,2,Dodge,Ram 1500 4x4 Ext Cab,2006,1D7HU18P66J166577,"18,327",,
A336072,Waverly,3,Dodge,Ram 1500 4x4Crew Cab,2006,1D7HU18P16J167054,"24,785",,
A336073,Decorah,3,Dodge,Ram 1500 4x4 Crew Cab,2006,1D7HU18P66J167051,"26,795",,
A336081,State Office -  Lee White,SO,Ford,Taurus,2006,1FAHP53216A203643,"22,963",,
A336083,West Union,3,Ford,Taurus,2006,1FAHP53266A203640,"37,627",,
A336084,Maquoketa,3,Ford,Taurus,2006,1FAHP532X6A203639,"35,576",,
A336087,Mason City,2,Dodge,Ram 1500 4x4 Crew Cab,2006,1D7HU18P76J166572,"17,452",,
A336089,Storm Lake,1,Dodge,Ram 1500 4x4 Ext Cab,2006,1D7HU18P86J167052,"17,617",,
A336090,Sergeant Bluff,1,Dodge,Ram 1500 4x4 Ext Cab,2006,1D7HU18P06J166574,"19,458",,
A336091,Sergeant Bluff,1,Dodge,Ram 1500 4x4 Ext Cab,2006,1D7HU18P26J166575,"27,056",,
A336094,Sac City,1,Dodge,Ram 1500 4x4 Ext Cab,2006,1D7HU18P06J169541,"25,441",,
A336095,Algona,2,Dodge,Ram 1500 4x4Crew Cab,2006,1D7HU18P56J166571,"18,614",,
A336099,Knoxville,2,Dodge,Ram 1500 4x4 Ext Cab,2006,1D7HU18P26J169542,"26,376",,
A336102,State Office - Pool,SO,Chevrolet,Van,2006,1GAHG39U061178038,"10,130",,
A336104,West Union AO,3,Chevrolet,K2500 4x4 Reg Cab,2006,1GCHK24U96E189068,"30,061",,
A336110,West Union AO,3,Dodge,Ram 1500 4x4 Ext Cab,2006,1D7HU18P36J167881,"30,480",,
A336116,Oskaloosa,5,Dodge,Ram 1500 4x4 Crew Cab,2006,1D7HU18P96J167898,"8,095",,
A336119,Charles City,3,Dodge,Ram 1500 4x4 Crew Cab,2006,1D7HU18PX6J167893,"26,198",,
A336121,Mason City,2,Dodge,Ram 1500 4x4 Crew Cab,2006,1D7HU18P26J167886,"21,515",,
A336124,Corydon,4,Dodge,Ram 1500 4x4 Ext Cab,2006,1D7HU18P66J167888,"25,788",,
A336126,Jefferson,2,Dodge,Ram 1500 4x4 Crew Cab,2006,1D7HU18P76J167883,"11,063",,
A336129,Epworth,3,Dodge,Ram 1500 4x4 Ext Cab,2006,1D7HU18P36J169548,"29,239",,
A340375,Albia,5,Dodge,Ram 1500 4x2 Crew Cab,2005,1D7HA18P05J585841,"20,849",,
A340377,Indianola,2,Chevrolet,S-10 4x4 Ext Cab,2000,1GCDT19W4YK228136,"41,492",,
A340380,Sigourney,5,Dodge,Ram 1500 4x4 Crew Cab,2006,1D7HU18P96J166573,"28,191",,
A340382,Centerville,5,Dodge,Ram 1500 4x4 Crew Cab,2006,1D7HU18P36J167895,"22,260",,
A340386,Knoxville,2,Dodge,Dakota 4x4 Club Cab,2007,1D7HW22P07S166627,"11,878",,
A340387,Waukon,3,Dodge,Ram 1500 4x4 Ext Cab,2006,1D7HU18P76J167897,"23,083",,
A340388,Decorah,3,Dodge,Ram 1500 4x4 Crew Cab,2004,1D7HU18P94J266704,"39,514",,
A340390,Indianola,2,Dodge,Ram 2500 4x4 Ext Cab,2009,3D7KS28TX9G529662,"2,304",,
A340391,Williamsburg,5,Chevrolet,K1500 4x4 Ext Cab,2009,1GCEK19069Z173698,"6,285",,
A340392,Sioux City AO,1,Chevrolet,Trailblazer 4x4,2009,1GNDT33S892132942,"6,738",,
A340393,Creston,4,Chevrolet,Trailblazer 4x4,2009,1GNDT33S392133030,,,
A341737,ASTC,SO,Chevrolet,Impala,2007,2G1WB58K279253613,"40,529",,
A341738,Fort Dodge AO,2,Dodge,Ram 2500 4x4 Reg Cab,2007,3D7KS26D27G760242,"25,517",,
A341740,West Union,3,Dodge,Dakota 4x4 Club Cab,2007,1D7HW22P37S166640,"11,269",,
A341742,Albia,5,Dodge,Dakota 4x4 Club Cab,2007,1D7HW22P67S166633,"13,608",,
A341743,Orange City,1,Dodge,Dakota 4x4 Club Cab,2007,1D7HW22P27S166628,"15,531",,
A341745,Newton,2,Dodge,Dakota 4x4 Club Cab,2007,1D7HW22P07S166644,"28,055",,
A341746,Mount Pleasant,5,Dodge,Dakota 4x4 Club Cab,2007,1D7HW22P47S166632,"15,501",,
A341748,Albia,5,Dodge,Dakota 4x4 Club Cab,2007,1D7HW22P07S166630,"19,218",,
A341750,Washington,5,Dodge,Dakota 4x4 Club Cab,2007,1D7HW22P77S166639,"19,661",,
A341752,Maquoketa,3,Dodge,Dakota 4x4 Club Cab,2007,1D7HW22PX7S166621,"23,485",,
A341753,Oakland,4,Dodge,Dakota 4x4 Club Cab,2007,1D7HW22P57S166624,"14,140",,
A341755,Manchester,3,Dodge,Dakota 4x4 Club Cab,2007,1D7HW22P17S166636,"16,676",,
A341756,Dewitt,5,Dodge,Dakota 4x4 Club Cab,2007,1D7HW22P37S166623,"23,866",,
A341776,Osage,3,Dodge,Ram 1500 4x4 Ext Cab,2006,1D7HU18P16J167877,"26,334",,
A341777,Garner,2,Dodge,Ram 1500 4x4 Crew Cab,2006,1D7HU18P06J167885,"16,671",,
A341780,Fairfield AO,5,Dodge,Ram 1500 4x4 Ext Cab,2005,1D7HU18P05J585944,"40,309",,
A344232,Bedford,4,Dodge,Dakota 4x4 Ext Cab,2009,1D3HW32P29S762400,"2,456",,
A344233,Red Oak Eng,4,Dodge,Dakota 4x4 Ext Cab,2009,1D3HW32P09S762363,"3,045",,
A344234,Red Oak,4,Dodge,Dakota 4x4 Ext Cab,2009,1D3HW32P89S762398,"5,663",,
A344235,Denison,1,Dodge,Dakota 4x4 Ext Cab,2009,1D3HW32PX9S762385,"6,384",,
A344236,Estherville,1,Dodge,Dakota 4x4 Ext Cab,2009,1D3HW32P79S762389,"4,624",,
A344237,Winterset,4,Dodge,Dakota 4x4 Ext Cab,2009,1D3HW32P19S762372,"4,484",,
A344239,Audubon,4,Dodge,Dakota 4x4 Ext Cab,2009,1D3HW32PX9S762371,"4,089",,
A344240,Atantic Eng,4,Dodge,Dakota 4x4 Ext Cab,2009,1D3HW32P89S762370,"7,001",,
A344263,Carroll,1,Dodge,Dakota 4x4 Ext Cab,2009,1D3HW32P99S762393,"4,393",,
A344264,Burlington,5,Dodge,Dakota 4x4 Ext Cab,2009,1D3HW32P99S762362,"3,254",,
A346051,Ankeny,2,Chevrolet,Malibu,2009,1G1ZF57509F211528,"4,854",,
A346052,Fort Dodge AO,2,Chevrolet,Malibu,2009,1G1ZF57519F213451,"11,201",,
A346056,Jefferson,2,Dodge,Dakota 4x4 Ext Cab,2009,1D3HW32P89S762403,"2,550",,
A346057,Mount Ayr,4,Dodge,Dakota 4x4 Ext Cab,2009,1D3HW32P19S762369,"4,259",,
A346059,Fort Dodge,2,Dodge,Dakota 4x4 Ext Cab,2009,1D3HW32P39S762373,"7,201",,
A346061,Newton,2,Dodge,Dakota 4x4 Ext Cab,2009,1D3HW32P59S762374,"6,025",,
A346062,Ottumwa,5,Dodge,Dakota 4x4 Ext Cab,2009,1D3HW32P49S762401,"4,664",,
A347692,Dewitt,5,Dodge,Dakota 4x4 Ext Cab,2009,1D3HW32P89S762367,"2,921",,
A347694,Chariton,4,Dodge,Dakota 4x4 Ext Cab,2009,1D3HW32P69S762397,"4,305",,
A347695,Independence,3,Dodge,Dakota 4x4 Ext Cab,2009,1D3HW32P39S762390,"5,268",,
A347696,Marion,3,Dodge,Dakota 4x4 Ext Cab,2009,1D3HW32P39S762406,"5,119",,
A347697,Sergeant Bluff,1,Dodge,Dakota 4x4 Ext Cab,2009,1D3HW32P29S762381,"4,996",,
A347698,Carroll,1,Dodge,Dakota 4x4 Ext Cab,2009,1D3HW32P49S762379,"3,220",,
A347699,Clarinda,4,Dodge,Dakota 4x4 Ext Cab,2009,1D3HW32P79S762358,"7,463",,
A347700,Clarinda,4,Dodge,Dakota 4x4 Ext Cab,2009,1D3HW32PX9S762404,"3,285",,
A347701,Logan,4,Dodge,Dakota 4x4 Ext Cab,2009,1D3HW32P59S762360,"3,728",,
A348107,New Hampton,3,Dodge,Dakota 4x4 Ext Cab,2009,1D3HW32P79S762361,"4,478",,
A348108,Williamsburg,5,Dodge,Dakota 4x4 Ext Cab,2009,1D3HW32P29S762395,"8,107",,
A348109,Muscatine,5,Dodge,Dakota 4x4 Ext Cab,2009,1D3HW32P79S762392,"3,781",,
A348110,Elkader,3,Dodge,Dakota 4x4 Ext Cab,2009,1D3HW32P49S762365,"5,973",,
A348111,Donnellson ,5,Dodge,Dakota 4x4 Ext Cab,2009,1D3HW32P59S762391,"3,242",,
A348112,Washington,5,Dodge,Dakota 4x4 Ext Cab,2009,1D3HW32P49S762382,"2,494",,
A348113,Sibley,1,Dodge,Dakota 4x4 Ext Cab,2009,1D3HW32P69S762366,"3,165",,
A348114,West Union,3,Dodge,Dakota 4x4 Ext Cab,2009,1D3HW32P99S762376,"2,035",,
A348115,Iowa City,5,Dodge,Dakota 4x4 Ext Cab,2009,1D3HW32P69S762402,"5,036",,
A348116,Malcom,5,Dodge,Dakota 4x4 Ext Cab,2009,1D3HW32PX9S762368,"1,306",,
A349945,State Office - STC,SO,Chevrolet,Malibu,2009,1G1ZF57539F235807,,,
A349948,Ottumwa,5,Chevrolet,Malibu,2009,1G1ZF57519F237099,,,
A349949,Washington,5,Chevrolet,Malibu,2009,1G1ZF57539F237119,,,
A349950,Williamsburg,5,Chevrolet,Malibu Hybrid,2009,1G1ZF57539F238562,,,
A349951,Sioux City AO,1,Ford,F250 4x4 Reg Cab,2010,1FTNF2B57AEA19626,,,
A349953,Fairfield AO,5,Ford,F250 4x4 Reg Cab,2010,1FTNF2B52AEA19971,,,
A349954,Denison,1,Dodge,Dakota 4x4 Ext Cab,2009,1D3HW32P49S817123,,,
A349955,Denison Eng,1,Dodge,Dakota 4x4 Ext Cab,2009,1D3HW32P89S817125,,,
A349956,Sergeant Bluff,1,Dodge,Dakota 4x4 Ext Cab,2009,1D3HW32P19S817127,,,
A349957,Orange City,1,Dodge,Dakota 4x4 Ext Cab,2009,1D3HW32P59S817129,,,
,,,,,,,,,
A349959,Fort Dodge,2,Dodge,Dakota 4x4 Ext Cab,2009,1D3HW32P59S817132,,,
A349960,Hampton,2,Dodge,Dakota 4x4 Ext Cab,2009,1D3HW32P79S817133,,,
A349961,Charles City,3,Dodge,Dakota 4x4 Ext Cab,2009,1D3HW32P99S817134,,,
A349962,Waverly,3,Dodge,Dakota 4x4 Ext Cab,2009,1D3HW32P09S817135,,,
A349963,Waukon,3,Dodge,Dakota 4x4 Ext Cab,2009,1D3HW32P29S817136,,,
A349964,Vinton,3,Dodge,Dakota 4x4 Ext Cab,2009,1D3HW32P89S817139,,,
A349966,Osage,3,Dodge,Dakota 4x4 Ext Cab,2009,1D3HW32P69S817124,,,
A349967,Chariton,4,Dodge,Dakota 4x4 Ext Cab,2009,1D3HW32PX9S817126,,,
A349968,Harlan,4,Dodge,Dakota 4x4 Ext Cab,2009,1D3HW32P39S817131,,,
A349969,Bedford,4,Dodge,Dakota 4x4 Ext Cab,2009,1D3HW32P49S817137,,,
A349970,Greenfield,4,Dodge,Dakota 4x4 Ext Cab,2009,1D3HW32P69S817138,,,
A349971,Creston,4,Dodge,Dakota 4x4 Ext Cab,2009,1D3HW32P69S817141,,,
A349972,Creston Eng,4,Dodge,Dakota 4x4 Ext Cab,2009,1D3HW32P89S817142,,,
A349973,Centerville,5,Dodge,Dakota 4x4 Ext Cab,2009,1D3HW32P19S817144,,,
A349974,Davenport,5,Dodge,Dakota 4x4 Ext Cab,2009,1D3HW32P39S817145,,,
A349975,Bloomfield,5,Dodge,Dakota 4x4 Ext Cab,2009,1D3HW32P59S817146,,,
A349976,Iowa City,5,Dodge,Dakota 4x4 Ext Cab,2010,1D7RW3BP7AS115322,,,
A349977,Oskaloosa,5,Dodge,Dakota 4x4 Ext Cab,2010,1D7RW3BP9AS115323,,,
A349980,West Union AO,3,Dodge,Caravan ,2010,2D4RN4DE9AR117690,,,
A349981,Fort Dodge,2,Jeep,Patriot Sport,2009,1J4FF28B29D249412,,,
A349984,Red Oak Eng,4,Jeep,Patriot Sport,2009,1J4FF28B49D249539,,,
A351824,Williamsburg Eng,5,Jeep,Patriot Sport,2009,1J4FF28B49D250061,,,
A351825,Cresco,3,Chevrolet,Colorado 4x4 Crew Cab,2010,1GCJTBDE7A8103920,,,
A351826,Corydon,4,Chevrolet,Colorado 4x4 Crew Cab,2010,1GCJTBDE8A8104493,,,
A351827,LeMars,1,Chevrolet,Colorado 4x4 Crew Cab,2010,1GCJTBDE6A8104508,,,
A351828,Harlan,4,Chevrolet,Colorado 4x4 Crew Cab,2010,1GCJTBDE4A8104023,,,
A351829,Rockwell City,1,Chevrolet,Colorado 4x4 Crew Cab,2010,1GCJTBDE4A8102885,,,
A351830,Guthrie Center,2,Chevrolet,Colorado 4x4 Crew Cab,2010,1GCJTBDE9A8104681,,,
A351831,State Office - Pool,SO,Dodge,Caravan ,2010,2D4RN4DE0AR117688,,,
A351832,Malcom,5,Chevrolet,Colorado 4x4 Crew Cab,2010,1GCJTBDE3A8104000,,,
A351833,Marion,3,Chevrolet,Colorado 4x4 Crew Cab,2010,1GCJTBDE9A8104373,,,
A351834,Manchester,3,Chevrolet,Colorado 4x4 Crew Cab,2010,1GCJTBDE6A8103519,,,
A351835,Waukon,3,Chevrolet,Colorado 4x4 Crew Cab,2010,1GCJTBDE5A8104113,,,
A351836,Bloomfield,5,Chevrolet,Colorado 4x4 Crew Cab,2010,1GCJTBDEXA8104933,,,
A351837,LeMars,1,Chevrolet,Colorado 4x4 Crew Cab,2010,1GCJTBDE3A8103137,,,
A351838,Red Oak,4,Chevrolet,Colorado 4x4 Crew Cab,2010,1GCJTBDE2A8105770,,,
A351839,Malvern ,4,Chevrolet,Colorado 4x4 Crew Cab,2010,1GCJTBDE6A8105965,,,
A351840,Spencer,1,Chevrolet,Colorado 4x4 Crew Cab,2010,1GCJTBDE6A8105884,,,
A351841,Leon,4,Chevrolet,Colorado 4x4 Crew Cab,2010,1GCJTBDEXA8105807,,,
A351842,Corydon,4,Chevrolet,Colorado 4x4 Crew Cab,2010,1GCJTBDEXA8105872,,,
A351843,Oskaloosa,5,Chevrolet,Colorado 4x4 Crew Cab,2010,1GCJTBDE6A8103486,,,
A351844,Nevada,2,Chevrolet,Colorado 4x4 Crew Cab,2010,1GCJTBDE5A8103320,,,
A351845,Algona,2,Chevrolet,Colorado 4x4 Crew Cab,2010,1GCJTBDE1A8107350,,,
A351848,Tipton,5,Dodge,Ram 1500 4x4 Ext Cab,2006,1D7HU18P66J167891,"15,218",,
A351849,Denison Eng,1,Dodge,Ram 1500 4x4 Ext Cab,2005,1D7HU18PX5J585935,"23,758",,
A351850,Sioux City AO Eng,1,Ford,F150 4x4 Ext Cab,2010,1FTFX1EV5AKE09200,,,
A351851,Fort Dodge AO,2,Ford,F150 4x4 Ext Cab,2010,1FTFX1EV2AKE09199,,,
A351852,Fairfield AO,5,Chevrolet,Malibu,2010,1G1ZA5E02AF272776,,,
A351853,Centerville,5,Chevrolet,Malibu,2010,1G1ZA5E0XAF276865,,,
A351854,Garner,2,Chevrolet,Malibu,2010,1G1ZA5E01AF276253,,,
A351855,Fairfield AO,5,Dodge,Dakota 4x4 Ext Cab,2010,1D7RW3BP7AS223312,,,
A351856,Washington,5,Dodge,Dakota 4x4 Ext Cab,2010,1D7RW3BP9AS223330,,,
A351857,West Union,3,Dodge,Dakota 4x4 Ext Cab,2010,1D7RW3BPXAS223322,,,
A351858,Decorah,3,Dodge,Dakota 4x4 Ext Cab,2010,1D7RW3BP4AS223302,,,
A351859,Elkader,3,Dodge,Dakota 4x4 Ext Cab,2010,1D7RW3BP8AS223299,,,
A351860,Mount Pleasant,5,Dodge,Dakota 4x4 Ext Cab,2010,1D7RW3BP5AS223325,,,
A351861,Elkader,3,Dodge,Dakota 4x4 Ext Cab,2010,1D7RW3BP2AS223296,,,
A351862,Toledo,3,Dodge,Dakota 4x4 Ext Cab,2010,1D7RW3BP2AS223315,,,
A351863,New Hampton,3,Dodge,Dakota 4x4 Ext Cab,2010,1D7RW3BP3AS223341,,,
A351864,Allison,2,Dodge,Dakota 4x4 Ext Cab,2010,1D7RW3BP8AS223321,,,
A351865,Spirit Lake,1,Dodge,Dakota 4x4 Ext Cab,2010,1D7RW3BP7AS223326,,,
A351866,Centerville,5,Dodge,Dakota 4x4 Ext Cab,2010,1D7RW3BP6AS223298,,,
A351867,Anamosa,3,Dodge,Dakota 4x4 Ext Cab,2010,1D7RW3BP5AS223308,,,
A351868,Malvern ,4,Dodge,Dakota 4x4 Ext Cab,2010,1D7RW3BP4AS223297,,,
A351869,Sidney,4,Dodge,Dakota 4x4 Ext Cab,2010,1D7RW3BP9AS223313,,,
A351870,Corydon,4,Dodge,Dakota 4x4 Ext Cab,2010,1D7RW3BP3AS223338,,,
A351871,Pocahontas,1,Dodge,Dakota 4x4 Ext Cab,2010,1D7RW3BP0AS223295,,,
A351872,Ottumwa,5,Dodge,Dakota 4x4 Ext Cab,2010,1D7RW3BP5AS223339,,,
A351873,Leon,4,Dodge,Dakota 4x4 Ext Cab,2010,1D7RW3BP6AS223334,,,
A351874,Leon,4,Dodge,Dakota 4x4 Ext Cab,2010,1D7RW3BP0AS223314,,,
A351875,Ankeny,2,Dodge,Dakota 4x4 Ext Cab,2010,1D7RW3BP6AS223317,,,
A351876,Williamsburg,5,Dodge,Dakota 4x4 Ext Cab,2010,1D7RW3BP0AS223331,,,
A351877,Primghar,1,Dodge,Dakota 4x4 Ext Cab,2010,1D7RW3BP9AS223294,,,
A351878,Ida Grove,1,Dodge,Dakota 4x4 Ext Cab,2010,1D7RW3BP1AS223306,,,
A351879,Council Bluffs,4,Dodge,Dakota 4x4 Ext Cab,2010,1D7RW3BP1AS223323,,,
A351880,Oakland,4,Dodge,Dakota 4x4 Ext Cab,2010,1D7RW3BP0AS223300,,,
A351881,Council Bluffs,4,Dodge,Dakota 4x4 Ext Cab,2010,1D7RW3BP8AS223304,,,
A351882,Spirit Lake,1,Dodge,Dakota 4x4 Ext Cab,2010,1D7RW3BP5AS223292,,,
A351883,Primghar,1,Dodge,Dakota 4x4 Ext Cab,2010,1D7RW3BPXAS223336,,,
A351884,Storm Lake,1,Dodge,Dakota 4x4 Ext Cab,2010,1D7RW3BP4AS223316,,,
A351885,Greenfield,4,Dodge,Dakota 4x4 Ext Cab,2010,1D7RW3BP2AS223332,,,
A357592,Greenfield,4,Dodge,Dakota 4x4 Ext Cab,2010,1D7RW3BP1AS223340,,,
A357593,Audubon,4,Dodge,Dakota 4x4 Ext Cab,2010,1D7RW3BP4AS223333,,,
A357594,Atlantic,4,Dodge,Dakota 4x4 Ext Cab,2010,1D7RW3BPXAS223305,,,
A357595,Garner,2,Dodge,Dakota 4x4 Ext Cab,2010,1D7RW3BP9AS223327,,,
A357596,Rockwell City,1,Dodge,Dakota 4x4 Ext Cab,2010,1D7RW3BP3AS223307,,,
A357598,Grundy Center,2,Dodge,Dakota 4x4 Ext Cab,2010,1D7RW3BPIAS223337,,,
A357599,Iowa Falls,2,Dodge,Dakota 4x4 Ext Cab,2010,1D7RW3BP0AS223328,,,
A357600,Grundy Center,2,Dodge,Dakota 4x4 Ext Cab,2010,1D7RW3BP6AS223303,,,
A357601,Pocahontas,1,Dodge,Dakota 4x4 Ext Cab,2010,1D7RW3BP6AS223320,,,
A357602,Osceola,4,Dodge,Dakota 4x4 Ext Cab,2010,1D7RW3BP7AS223293,,,
A357603,Clarinda,4,Dodge,Dakota 4x4 Ext Cab,2010,1D7RW3BP3AS223324,,,
A357604,Hampton,2,Dodge,Dakota 4x4 Ext Cab,2010,1D7RW3BP3AS223291,,,
A357605,Ida Grove,1,Dodge,Dakota 4x4 Ext Cab,2010,1D7RW3BP2AS223301,,,
A357606,Creston,4,Dodge,Dakota 4x4 Ext Cab,2010,1D7RW3BP5AS223342,,,
A357607,Winterset,4,Dodge,Dakota 4x4 Ext Cab,2010,1D7RW3BP5AS223289,,,
A357608,Logan,4,Dodge,Dakota 4x4 Ext Cab,2010,1D7RW3BP1AS223290,,,
A357609,Sac City,1,Dodge,Dakota 4x4 Ext Cab,2010,1D7RW3BP1AS223329,,,
A357610,Corning,4,Dodge,Dakota 4x4 Ext Cab,2010,1D7RW3BP7AS223309,,,
A357611,Ottumwa,5,Dodge,Dakota 4x4 Ext Cab,2010,1D7RW3BP8AS223335,,,
A357612,Keosauqua,5,Dodge,Dakota 4x4 Ext Cab,2010,1D7RW3BP8AS223318,,,
A357613,Donnellson ,5,Dodge,Dakota 4x4 Ext Cab,2010,1D7RW3BP5AS223311,,,
A357614,Burlington,5,Dodge,Dakota 4x4 Ext Cab,2010,1D7RW3BP3AS223310,,,
A357623,Lincoln,SO,Chevrolet,C2500 4x2 Reg Cab,1989,1GCFC24H8KZ233510,,,
A357629,Nevada,2,Dodge,Ram 1500 4x2 Ext Cab,2005,1D7HA18P45J585843,"22,472",,
A357632,Mount Pleasant,5,Dodge,Ram 1500 4x4 Ext Cab,2006,1D7HU18P96J167884,"21,274",,
A357633,Carroll,1,Dodge,Ram 1500 4x4 Crew Cab,2006,1D7HU18P86J169545,"28,697",,
A357635,Winterset,4,Dodge,Ram 1500 4x4 Crew Cab,2006,1D7HU18P86J166578,"30,598",,
A361124,Sioux City AO,1,Ford,Explorer 4x4,2013,1FM5K8B88DGB08506,,,
A361125,Sidney,4,Ford,F150 4x4 Ext Cab,2013,1FTEX1EM9CFD07316,,,
A361126,Storm Lake,1,Ford,F150 4x4 Ext Cab,2013,1FTEX1EM5CFD07331,,,
A361127,Ida Grove,1,Ford,F150 4x4 Ext Cab,2013,1FTEX1EM7CFD07332,,,
A361128,Humboldt,2,Ford,F150 4x4 Ext Cab,2013,1FTEXIEMOCFD07317,,,
A361129,Clarion,2,Ford,F150 4x4 Ext Cab,2013,1FTXIEM4CRD07319,,,
A361130,Allison,2,Ford,F150 4x4 Ext Cab,2013,1FTEXIEM2CFC07318,,,
A361131,Epworth,3,Ford,F150 4x4 Ext Cab,2013,1FTEX1EM5CFD07314,,,
A361132,New Hampton,3,Ford,F150 4x4 Ext Cab,2013,1FTEX1EM3CFD07313,,,
A361133,Williamsburg,5,Ford,F150 4x4 Ext Cab,2013,1FTEX1EM1CFD07312,,,
A361134,Burlington,5,Ford,F150 4x4 Ext Cab,2013,1FTEX1EMXCFD07311,,,
A361135,Keosauqua,5,Ford,F150 4x4 Ext Cab,2013,1FTEX1EM8CFD07310,,,
A361136,Decorah,3,Ford,F150 4x4 Ext Cab,2013,1FTEX1EM3CFD07991,,,
A368420,Atlantic AO,4,Chevrolet,Malibu,2012,1G1ZA5EU5CF395039,,,
A368421,Atlantic AO,4,Chevrolet,Malibu,2012,1G1ZA5EU5CF395235,,,
A368422,Orange City,1,Ford,F150 4x4 Ext Cab,2013,1FTEX1EM2DFA40117,,,
A368423,Cherokee,1,Ford,F150 4x4 Ext Cab,2013,1FTEX1EM0DFA40116,,,
A368424,Jefferson,2,Ford,F150 4x4 Ext Cab,2013,1FTEX1EM5DFA40113,,,
A368425,Adel,2,Ford,F150 4x4 Ext Cab,2013,1FTEX1EM3DFA40112,,,
A368426,Waterloo,3,Ford,F150 4x4 Ext Cab,2013,1FTEX1EM3DFA40109,,,
A368427,Maquoketa,3,Ford,F150 4x4 Ext Cab,2013,1FTEX1EM1DFA40108,,,
A368428,Ottumwa,5,Ford,F150 4x4 Ext Cab,2013,1FTEX1EMXDFA40107,,,
A368429,Mount Pleasant,5,Ford,F150 4x4 Ext Cab,2013,1FTEX1EM8DFA40106,,,
A368430,Atlantic,4,Ford,F150 4x4 Ext Cab,2013,1FTEX1EM1DFA40111,,,
A368431,Atlantic AO,4,Ford,Explorer 4x4,2013,1FM5K8B89DGB48934,,,
A368434,Webster City,2,Dodge,Ram 1500 4x4 Crew Cab,2006,1D7HU18P96J169554,"18,834",,
A368709,Fairfield AO,5,Dodge,Dakota 4x4 Ext Cab,2009,1D3HW32P79S762375,"8,907",,
A368713,West Union AO,3,Ford,F150 4x4 Crew Cab,2013,1FTFW1EFODKG54969,,,
A373130,Fort Dodge AO,2,Dodge,Durango 4x4,2015,1C4RDJAGXFC715047,,,
A373131,Humboldt,2,Chevrolet,Impala,2015,2G1WA5E34F1114337,,,
A373132,Sioux City AO,1,Dodge,Durango 4x4,2015,1C4RDJAG8FC722868,,,
A373133,Atlantic AO,4,Dodge,Durango 4x4,2015,1C4RDJAG1FC715048,,,
A373134,Fort Dodge AO,2,Chevrolet,Impala,2015,2G1WA5E34F1113947,,,
A373135,Sioux City AO,1,Dodge,Durango 4x4,2015,1C4RDJAG8FC715046,,,
A373136,Fairfield AO,5,Ford,Transit Connect Van,2015,NM0GE9E71F1189848,,,
A373137,Decorah,3,Chevrolet,K1500 4x4 Crew Cab,2015,3GCUKPEH8FG203001,,,
A373138,Elkader,3,Chevrolet,K1500 4x4 Crew Cab,2015,3GCUKPEH6FG202994,,,
A373139,Waverly,3,Chevrolet,K1500 4x4 Crew Cab,2015,3GCUKPEH1FG202210,,,
A373140,Iowa City,5,Chevrolet,K1500 4x4 Crew Cab,2015,3GCUKPEH0FG203025,,,
A373141,Decorah,3,Chevrolet,K1500 4x4 Crew Cab,2015, 3GCUKPEH5FG202162,,,
A373142,Mount Pleasant,5,Chevrolet,K1500 4x4 Crew Cab,2015,3GCUKPEHXFG203226,,,
A373143,Fort Dodge AO,2,Chevrolet,K1500 4x4 Crew Cab,2015,3GCUKPEH2FG202202,,,
A373144,Knoxville,2,Chevrolet,K1500 4x4 Crew Cab,2015,3GCUKPEH4FG202234,,,
A373145,Vinton,3,Chevrolet,K1500 4x4 Crew Cab,2015,3GCUKPEH3FG202189,,,
A373146,Dewitt,5,Chevrolet,K1500 4x4 Crew Cab,2015,3GCUKPEH6FG202221,,,
A373147,Elkader,3,Chevrolet,K1500 4x4 Crew Cab,2015,3GCUKPEH4FG202184,,,
A373148,Chariton,4,Chevrolet,K1500 4x4 Crew Cab,2015,3GCUKPEH5FG203005,,,
A373149,Creston,4,Chevrolet,K1500 4x4 Crew Cab,2015,3GCUKPEH8FG202964,,,
A373150,Hampton,2,Chevrolet,K1500 4x4 Crew Cab,2015,3GCUKPEH1FG202983,,,
A373151,Atlantic,4,Chevrolet,K1500 4x4 Crew Cab,2015,3GCUKPEHXFG202173,,,
A373152,Oskaloosa,5,Chevrolet,K1500 4x4 Crew Cab,2015,3GCUKPEH2FG203012,,,
A373153,Fairfield AO,5,Chevrolet,K1500 4x4 Crew Cab,2015,3GCUKPEH4FG203030,,,
A373154,LeMars,1,Chevrolet,K1500 4x4 Crew Cab,2015,3GCUKPEH0FG203008,,,
A373155,Wapello,5,Chevrolet,K1500 4x4 Crew Cab,2015, 3GCUKPEH3FG202970,,,
A373156,Fort Dodge AO,2,Chevrolet,K1500 4x4 Crew Cab,2015,3GCUKPEH3FG201768,,,
A373157,Davenport,5,Chevrolet,K1500 4x4 Crew Cab,2015,3GCUKPEH7FG202972,,,
A373158,Logan,4,Chevrolet,K1500 4x4 Crew Cab,2015,3GCUKPEH6FG203014,,,
A373159,Ottumwa,5,Chevrolet,K1500 4x4 Crew Cab,2015,3GCUKPEH7FG202230,,,
A373160,Williamsburg,5,Chevrolet,K1500 4x4 Crew Cab,2015,3GCUKPEC7FG203379,,,
A373161,Anamosa,3,Chevrolet,K1500 4x4 Crew Cab,2015,3GCUKPEH0FG202182,,,
A373179,Washington,5,Dodge,Dakota 4x4 Ext Cab,2009,1D3HW32P49S762396,"4,038",,
A373181,Sioux City,1,Chevrolet,K1500 4x4 Crew Cab,2015,3GCUKPEH8FG202186,,,
A375947,Storm Lake,1,Chevrolet,K1500 4x4 Crew Cab,2016,3GCUKNEC3GG156275,,,
A375948,Sioux City,1,Dodge,Durango 4x4,2015,1C4RDJAG2FC223189,,,
A375949,Sac City,1,Chevrolet,K1500 4x4 Crew Cab,2016,3GCUKNEC2GG155635,,,
A375950,Spencer,1,Chevrolet,K1500 4x4 Crew Cab,2016,3GCUKNEC6GG156254,,,
A375951,Denison,1,Chevrolet,K1500 4x4 Crew Cab,2016,3GCUKNEC6GG156268,,,
A375952,Spirit Lake,1,Chevrolet,K1500 4x4 Crew Cab,2016,3GCUKNEC5GG155631,,,
A375953,Rock Rapids,1,Chevrolet,K1500 4x4 Crew Cab,2016,3GCUKNEC5GG156875,,,
A375954,Sergeant Bluff,1,Chevrolet,K1500 4x4 Crew Cab,2016,3GCUKNEC7GG157493,,,
A375955,Adel,2,Chevrolet,K1500 4x4 Crew Cab,2016,3GCUKNEC9GG157544,,,
A375956,Boone,2,Chevrolet,K1500 4x4 Crew Cab,2016,3GCUKNEC3GG157507,,,
A375957,Thompson,2,Chevrolet,K1500 4x4 Crew Cab,2016,3GCUKNEC1GG158459,,,
A375958,Grundy Center,2,Chevrolet,K1500 4x4 Crew Cab,2016,3GCUKNEC0GG158436,,,
A375959,Guthrie Center,2,Chevrolet,K1500 4x4 Crew Cab,2016,3GCUKNEC9GG156877,,,
A375960,Fort Dodge AO,2,Dodge,Durango 4x4,2015,1C4RDJAG9FC223190,,,
A375961,Boone,2,Chevrolet,K1500 4x4 Crew Cab,2016,3GCUKNECXGG158685,,,
A375962,Fort Dodge AO,2,Chevrolet,Impala,2016,2G1WA5E31G1132442,,,
A375963,Waukon,3,Chevrolet,K1500 4x4 Crew Cab,2016,3GCUKNEC6GG157534,,,
A375964,West Union AO,3,Dodge,Durango 4x4,2015,1C4RDJAG0FC223191,,,
A375965,West Union AO,3,Dodge,Durango 4x4,2015,1C4RDJAG2FC223192,,,
A375966,Waverly,3,Chevrolet,K1500 4x4 Crew Cab,2016,3GCUKNEC4GG158729,,,
A375967,Decorah,3,Dodge,Durango 4x4,2015,1C4RDJAG4FC223193,,,
A375968,West Union AO,3,Dodge,Durango 4x4,2015,1C4RDJAG6FC223194,,,
A375969,New Hampton,3,Chevrolet,K1500 4x4 Crew Cab,2016,3GCUKNEC5GG159260,,,
A375970,Vinton,3,Chevrolet,K1500 4x4 Crew Cab,2016,3GCUKNEC5GG158707,,,
A375971,Atlantic AO,4,Dodge,Durango 4x4,2015,1C4RDJAG8FC223195,,,
A375972,Atlantic AO,4,Dodge,Durango 4x4,2015,1C4RDJAGXFC223196,,,
A375973,Logan,4,Chevrolet,K1500 4x4 Crew Cab,2016,3GCUKNEC8GG157535,,,
A375974,Corning,4,Chevrolet,K1500 4x4 Crew Cab,2016,3GCUKNEC0GG157495,,,
A375975,Leon,4,Chevrolet,K1500 4x4 Crew Cab,2016,3GCUKNEC7GG158269,,,
A375976,Red Oak,4,Chevrolet,K1500 4x4 Crew Cab,2016,3GCUKNEC7GG159275,,,
A375977,Winterset,4,Chevrolet,K1500 4x4 Crew Cab,2016,3GCUKNEC7GG157512,,,
A375978,Osceola,4,Chevrolet,K1500 4x4 Crew Cab,2016,3GCUKNEC8GG157504,,,
A375979,Albia,5,Chevrolet,K1500 4x4 Crew Cab,2016,3GCUKNEC4GG158715,,,
A375980,Sigourney,5,Chevrolet,K1500 4x4 Crew Cab,2016,3GCUKNEC5GG157525,,,
A375981,Fairfield FO,5,Chevrolet,K1500 4x4 Crew Cab,2016,3GCUKNEC0GG156881,,,
A375982,Muscatine,5,Chevrolet,K1500 4x4 Crew Cab,2016,3GCUKNEC3GG159242,,,
A375983,Muscatine,5,Chevrolet,K1500 4x4 Crew Cab,2016,3GCUKNECXGG157519,,,
A375984,State Office - Pool,SO,Chrystler,200 Limited,2016,1C3CCCAB8GN153894,,,
A375985,State Office - Stuart,SO,Ford,Explorer 4x4,2016,1FM5K8B87GGB55689,,,
A375986,State Office - Jamie Johnson,SO,Chevrolet,K1500 4x4 Crew Cab,2016,3GCUKNEC7GG157543,,,
A375987,State Office - Rick Bednarek,SO,Ford,Expedition EL 4x4,2016,1FMJK1GT4GEF21624,,,
A375988,State Office - Mark McCurdy,SO,Ford,Explorer 4x4,2016,1FM5K8B83GGB55690,,,
A375989,Manchester,3,Dodge,Durango 4x4,2015,1C4RDJAG1FC223197,,,
A379460,Rockwell City,1,Chevrolet,K1500 4x4 Crew Cab,2017,3GCUKNEC8HG236043,,,
A379461,Rock Rapids,1,Chevrolet,K1500 4x4 Crew Cab,2017,3GCUKNEC0HG237994,,,
A379462,Sergeant Bluff,1,Chevrolet,K1500 4x4 Crew Cab,2017,3GCUKNEC7HG237006,,,
A379463,Sac City,1,Chevrolet,K1500 4x4 Crew Cab,2017,3GCUKNEC6HG233898,,,
A379464,West Union AO,3,Ford ,Explorer 4x4,2017,1FM5K8B89HGB41696,,,
A379465,Vinton,3,Ford ,Explorer 4x4,2017,1FM5K8B80HGB41697,,,
A379466,Fort Dodge AO,2,Chevrolet,K2500 4x4 Ext Cab,2017,1GC2KUEG2HZ153387,,,
A379467,West Union AO,3,Chevrolet,K2500 4x4 Ext Cab,2017,1GC2KUEG3HZ153852,,,
A379468,Fairfield AO,5,Chevrolet,K2500 4x4 Ext Cab,2017,1GC2KUEG9HZ155234,,,
A379469,West Union,3,Chevrolet,Malibu,2017,1G1ZC5STXHF156535,,,
G10-4769S,Maquoketa,3,Chevrolet,Malibu,2017,1G1ZC5ST9HF159300,,,
G10-4770S,Washington,5,Chevrolet,Malibu,2017,1G1ZC5STXHF158849,,,
G10-4771S,Ankeny,2,Chevrolet,Malibu,2017,1G1ZC5ST6HF157830,,,
G10-4772S,Albia,5,Chevrolet,Malibu,2017,1G1ZC5ST9HF159877,,,
G41-5594S,New Hampton,3,Dodge,Caravan,2017,2C4RDGBG2HR573028,,,
G61-2909S,Atlantic,4,Dodge,Durango 4x4,2017,1C4RDJAGXHC642359,,,
G61-3042S,Dewitt,5,Dodge,Durango 4x4,2017,1C4RDJAGXHC719246,,,
G61-3043S,Malcom,5,Dodge,Durango 4x4,2017,1C4RDJAG1HC719247,,,
G61-3044S,Williamsburg Eng,5,Dodge,Durango 4x4,2017,1C4RDJAG3HC719248,,,
G61-3045S,Williamsburg,5,Dodge,Durango 4x4,2017,1C4RDJAG0HC716646,,,
G62-5021S,Cresco,3,Chevrolet,K1500 4x4 Crew Cab,2017,3GCUKNEC1HG175988,,,
G62-5022S,Marion,3,Chevrolet,K1500 4x4 Crew Cab,2017,3GCUKNECXHG177044,,,
G62-5023S,Indianola,2,Chevrolet,K1500 4x4 Crew Cab,2017,3GCUKNEC1HG177241,,,
G62-5024S,Cherokee,1,Chevrolet,K1500 4x4 Crew Cab,2017,3GCUKNEC0HG174816,,,
G62-5025S,Emmetsburg,1,Chevrolet,K1500 4x4 Crew Cab,2017,3GCUKNEC5HG180563,,,
G62-5026S,Rockwell City,1,Chevrolet,K1500 4x4 Crew Cab,2017,3GCUKNEC0HG178428,,,
G62-5027S,Emmetsburg,1,Chevrolet,K1500 4x4 Crew Cab,2017,3GCUKNEC5HG178439,,,
G62-5028S,Storm Lake Eng,1,Chevrolet,K1500 4x4 Crew Cab,2017,3GCUKNEC2HG175899,,,
G62-5029S,Sibley,1,Chevrolet,K1500 4x4 Crew Cab,2017,3GCUKNEC1HG176669,,,
G62-5030S,Carroll,1,Chevrolet,K1500 4x4 Crew Cab,2017,3GCUKNEC4HG176567,,,
G62-5031S,Fort Dodge,2,Chevrolet,K1500 4x4 Crew Cab,2017,3GCUKNEC4HG180831,,,
G62-5032S,Knoxville,2,Chevrolet,K1500 4x4 Crew Cab,2017,3GCUKNEC0HG177991,,,
G62-5033S,Nevada,2,Chevrolet,K1500 4x4 Crew Cab,2017,3GCUKNEC8HG178984,,,
G62-5034S,Marshalltown,2,Chevrolet,K1500 4x4 Crew Cab,2017,3GCUKNEC9HG179044,,,
G62-5035S,Ankeny,2,Chevrolet,K1500 4x4 Crew Cab,2017,3GCUKNEC0HG176923,,,
G62-5036S,Boone,2,Chevrolet,K1500 4x4 Crew Cab,2017,3GCUKNEC9HG177729,,,
G62-5037S,Marshalltown,2,Chevrolet,K1500 4x4 Crew Cab,2017,3GCUKNEC5HG176934,,,
G62-5038S,Ankeny,2,Chevrolet,K1500 4x4 Crew Cab,2017,3GCUKNEC8HG178435,,,
G62-5039S,Greenfield,4,Chevrolet,K1500 4x4 Crew Cab,2017,3GCUKNEC1HG174808,,,
G62-5040S,Harlan,4,Chevrolet,K1500 4x4 Crew Cab,2017,3GCUKNEC4HG176553,,,
G62-5041S,Creston Eng,4,Chevrolet,K1500 4x4 Crew Cab,2017,3GCUKNEC0HG180759,,,
G62-5042S,Cherokee,1,Chevrolet,K1500 4x4 Crew Cab,2017,3GCUKNEC1HG180477,,,
G62-5043S,Mount Ayr,4,Chevrolet,K1500 4x4 Crew Cab,2017,3GCUKNEC9HG180081,,,
G62-5044S,Osceola,4,Chevrolet,K1500 4x4 Crew Cab,2017,3GCUKNEC1HG178776,,,
G62-5045S,Malvern ,4,Chevrolet,K1500 4x4 Crew Cab,2017,3GCUKNEC1HG178809,,,
G62-5046S,Oakland,4,Chevrolet,K1500 4x4 Crew Cab,2017,3GCUKNEC5HG178005,,,
G62-5047S,Corydon,4,Chevrolet,K1500 4x4 Crew Cab,2017,3GCUKNECXHG179120,,,
G62-5048S,Corning,4,Chevrolet,K1500 4x4 Crew Cab,2017,3GCUKNEC4HG179338,,,
G62-5049S,Clarinda,4,Chevrolet,K1500 4x4 Crew Cab,2017,3GCUKNEC2HG179130,,,
G62-5050S,Council Bluffs,4,Chevrolet,K1500 4x4 Crew Cab,2017,3GCUKNEC7HG180046,,,
G62-5051S,Mount Ayr,4,Chevrolet,K1500 4x4 Crew Cab,2017,3GCUKNEC4HG180506,,,
G62-5052S,Osceola,4,Chevrolet,K1500 4x4 Crew Cab,2017,3GCUKNEC7HG176613,,,
G62-5053S,Williamsburg Eng,5,Chevrolet,K1500 4x4 Crew Cab,2017,3GCUKNEC2HG175837,,,
G62-5054S,Malcom,5,Chevrolet,K1500 4x4 Crew Cab,2017,3GCUKNEC5HG180160,,,
G62-5055S,Sidney,4,Chevrolet,K1500 4x4 Crew Cab,2017,3GCUKNEC8HG178273,,,
G62-5056S,Sioux City AO,1,Chevrolet,K1500 4x4 Crew Cab,2017,3GCUKNEC4HG177217,,,
G62-5057S,Decorah,3,Chevrolet,K1500 4x4 Crew Cab,2017,3GCUKNEC1HG179359,,,
G62-5058S,Elkader,3,Chevrolet,K1500 4x4 Crew Cab,2017,3GCUKNEC0HG178039,,,
G62-5059S,Epworth,3,Chevrolet,K1500 4x4 Crew Cab,2017,3GCUKNEC8HG180914,,,
G62-5060S,Manchester,3,Chevrolet,K1500 4x4 Crew Cab,2017,3GCUKNEC1HG178664,,,
G62-5061S,Epworth,3,Chevrolet,K1500 4x4 Crew Cab,2017,3GCUKNECXHG179859,,,
G62-5062S,West Union,3,Chevrolet,K1500 4x4 Crew Cab,2017,3GCUKNEC5HG180210,,,
G62-5063S,Maquoketa,3,Chevrolet,K1500 4x4 Crew Cab,2017,3GCUKNEC0HG179496,,,
G62-5064S,Maquoketa,3,Ford,Explorer 4x4,2017,1FM5K8B83HGA95377,,,
G62-5065S,Ankeny,2,Ford,Explorer 4x4,2017,1FM5K8B89HGA95416,,,
G62-5066S,State Office - Pool,SO,Ford,Explorer 4x4,2017,1FM5K8B87HGA95415,,,
G62-5067S,State Office - Pool,SO,Ford,Explorer 4x4,2017,1FM5K8B85HGA95414,,,
G62-5068S,Tipton,5,Chevrolet,K1500 4x4 Crew Cab,2017,3GCUKNEC2HG179421,,,
G62-5069S,Iowa City,5,Chevrolet,K1500 4x4 Crew Cab,2017,3GCUKNEC5HG179767,,,
G62-5070S,Keosauqua,5,Chevrolet,K1500 4x4 Crew Cab,2017,3GCUKNEC4HG179436,,,
G62-5071S,Wapello,5,Chevrolet,K1500 4x4 Crew Cab,2017,3GCUKNEC2HG179855,,,
G62-5072S,Iowa City,5,Chevrolet,K1500 4x4 Crew Cab,2017,3GCUKNEC7HG176224,,,
G62-5073S,Iowa City,5,Chevrolet,K1500 4x4 Crew Cab,2017,3GCUKNEC8HG175504,,,
G62-5802S,Oakland,4,Ford,Explorer 4x4,2017,1FM5K8B86HGB41591,,,
G62-5803S,Bedford,4,Ford,Explorer 4x4,2017,3GCUKNEC6HG235148,,,
G62-5804S,Oakland,4,Ford,Explorer 4x4,2017,1FM5K8B84HGB41590,,,
G62-5805S,Primghar,1,Chevrolet,K1500 4x4 Crew Cab,2017,3GCUKNECXHG237341,,,
G62-5806S,Clarinda,4,Chevrolet,K1500 4x4 Crew Cab,2017,3GCUKNECXHG233564,,,
G62-5807S,Sergeant Bluff,1,Chevrolet,K1500 4x4 Crew Cab,2017,3GCUKNECXHG237341,,,
G62-5808S,Sioux City AO,1,Chevrolet,K1500 4x4 Crew Cab,2017,3GCUKNEC6HG237367,,,
G62-5809S,Onawa,1,Chevrolet,K1500 4x4 Crew Cab,2017,3GCUKNEC5HG231883,,,
G62-5810S,Sergeant Bluff,1,Chevrolet,K1500 4x4 Crew Cab,2017,3GCUKNEC9HG233099,,,
G62-5811S,LeMars,1,Chevrolet,K1500 4x4 Crew Cab,2017,3GCUKNEC0HG234478,,,
G62-5812S,Mount Pleasant,5,Chevrolet,K1500 4x4 Crew Cab,2017,3GCUKNEC0HG238305,,,
G62-5813S,Washington,5,Chevrolet,K1500 4x4 Crew Cab,2017,3GCUKNEC3HG238668,,,
G62-5814S,West Union,3,Chevrolet,K1500 4x4 Crew Cab,2017,3GCUKNEC7HG235109,,,
G62-5815S,Waukon,3,Chevrolet,K1500 4x4 Crew Cab,2017,3GCUKNEC2HG235194,,,
G62-5816S,West Union AO,3,Chevrolet,K1500 4x4 Crew Cab,2017,3GCUKNEC9HG233510,,,
G62-5817S,Decorah,3,Chevrolet,K1500 4x4 Crew Cab,2017,3GCUKNEC9HG237654,,,
G62-5818S,Anamosa,3,Chevrolet,K1500 4x4 Crew Cab,2017,3GCUKNEC4HG235696,,,
G62-5819S,Decorah,3,Chevrolet,K1500 4x4 Crew Cab,2017,3GCUKNEC1HG233825,,,
G62-5820S,Donnellson ,5,Chevrolet,K1500 4x4 Crew Cab,2017,3GCUKNEC8HG231229,,,
G62-5821S,West Union,3,Chevrolet,K1500 4x4 Crew Cab,2017,3GCUKNEC0HG233119,,,
G62-5822S,Tipton,5,Chevrolet,K1500 4x4 Crew Cab,2017,3GCUKNEC4HG232801,,,
G62-5823S,Algona,2,Chevrolet,K1500 4x4 Crew Cab,2017,3GCUKNEC1HG231878,,,
G62-5824S,Albia,5,Chevrolet,K1500 4x4 Crew Cab,2017,3GCUKNEC7HG231254,,,
G62-5825S,Emmetsburg,1,Chevrolet,K1500 4x4 Crew Cab,2017,3GCUKNEC7HG232551,,,
G62-5826S,Allison,2,Chevrolet,K1500 4x4 Crew Cab,2017,3GCUKNEC9HG232261,,,
G62-5827S,Ankeny,2,Chevrolet,K1500 4x4 Crew Cab,2017,3GCUKNEC4HG232877,,,
G62-5828S,Iowa City,5,Chevrolet,K1500 4x4 Crew Cab,2017,3GCUKNEC6HG232928,,,
G62-5829S,Spencer,1,Chevrolet,K1500 4x4 Crew Cab,2017,3GCUKNEC2HG232490,,,
G62-5830S,Boone,2,Chevrolet,K1500 4x4 Crew Cab,2017,3GCUKNEC7HG233165,,,
G62-5831S,Garner,2,Chevrolet,K1500 4x4 Crew Cab,2017,3GCUKNEC0HG231905,,,
G62-5832S,Charles City,3,Chevrolet,K1500 4x4 Crew Cab,2017,3GCUKNEC7HG234042,,,
G62-5833S,Carroll,1,Chevrolet,K1500 4x4 Crew Cab,2017,3GCUKNEC2HG234790,,,
G62-5834S,Guthrie Center,2,Chevrolet,K1500 4x4 Crew Cab,2017,3GCUKNEC4HG234449,,,
G62-5835S,Guthrie Center,2,Chevrolet,K1500 4x4 Crew Cab,2017,3GCUKNEC7HG232856,,,
G62-5836S,Iowa Falls,2,Chevrolet,K1500 4x4 Crew Cab,2017,3GCUKNEC5HG233889,,,
G62-5837S,Osceola,4,Chevrolet,K1500 4x4 Crew Cab,2017,3GCUKNEC5HG232211,,,
G62-5838S,Audubon,4,Chevrolet,K1500 4x4 Crew Cab,2017,3GCUKNEC9HG233748,,,
G62-5839S,Corydon,4,Chevrolet,K1500 4x4 Crew Cab,2017,3GCUKNEC3HG233731,,,
G62-5840S,Jefferson,2,Chevrolet,K1500 4x4 Crew Cab,2017,3GCUKNEC5HG234444,,,
G62-5841S,Jefferson,2,Chevrolet,K1500 4x4 Crew Cab,2017,3GCUKNEC3HG238749,,,
G62-5842S,Denison Eng,1,Chevrolet,K1500 4x4 Crew Cab,2017,3GCUKNEC4HG237142,,,
G62-5843S,Knoxville,2,Chevrolet,K1500 4x4 Crew Cab,2017,3GCUKNEC9HG237363,,,
G62-5844S,Centerville,5,Chevrolet,K1500 4x4 Crew Cab,2017,3GCUKNEC1HG237423,,,
G62-5845S,Osage,3,Chevrolet,K1500 4x4 Crew Cab,2017,3GCUKNEC7HG237734,,,
G62-5846S,Mason City,2,Chevrolet,K1500 4x4 Crew Cab,2017,3GCUKNECXHG231846,,,
G62-5847S,Leon,4,Chevrolet,K1500 4x4 Crew Cab,2017,3GCUKNEC6HG236798,,,
G62-5848S,Mason City,2,Chevrolet,K1500 4x4 Crew Cab,2017,3GCUKNEC3HG235429,,,
G62-5849S,Oskaloosa,5,Chevrolet,K1500 4x4 Crew Cab,2017,3GCUKNEC7HG236437,,,
G62-5850S,Oskaloosa,5,Chevrolet,K1500 4x4 Crew Cab,2017,3GCUKNEC3HG237147,,,
G62-5851S,Sigourney,5,Chevrolet,K1500 4x4 Crew Cab,2017,3GCUKNECXHG238621,,,
G62-5852S,Nevada,2,Chevrolet,K1500 4x4 Crew Cab,2017,3GCUKNEC3HG235480,,,
G62-5853S,Waterloo,3,Chevrolet,K1500 4x4 Crew Cab,2017,3GCUKNEC3HG236354,,,
G62-5854S,Northwood,2,Chevrolet,K1500 4x4 Crew Cab,2017,3GCUKNEC8HG235412,,,
G62-5855S,Storm Lake,1,Chevrolet,K1500 4x4 Crew Cab,2017,3GCUKNEC2HG234854,,,
G62-5856S,Thompson,2,Chevrolet,K1500 4x4 Crew Cab,2017,3GCUKNEC4HG238422,,,
G62-5857S,Orange City,1,Chevrolet,K1500 4x4 Crew Cab,2017,3GCUKNEC6HG235764,,,
G62-5858S,Winterset,4,Chevrolet,K1500 4x4 Crew Cab,2017,3GCUKNEC9HG236715,,,
G62-5859S,Adel,2,Chevrolet,K1500 4x4 Crew Cab,2017,3GCUKNEC8HG236673,,,
G62-5860S,Webster City,2,Chevrolet,K1500 4x4 Crew Cab,2017,3GCUKNEC2HG238015,,,
G62-5861S,Iowa City,5,Ford,Explorer 4x4,2017,1FM5K8B82HGB41698,,,
G63-2777S,Newton,2,Dodge,Ram 2500 4x4 Crew Cab,2017,3C6UR5HL0HG531443,,,
,,,,,,,,,
,,,,,,,,,
Vehicles ,orange font are Phase II Leasing,,,,,,,,
Vehicles ,purple font are FY16 Purchases,,,,,,,,
,,,,,,,,,
,,,,,,,,,
,,,,,,,,,
,,,,,,,,,
,,,,,,,,,
,,,,,,,,,
,,,,,,,,,
,,,,,,,,,
,,,,,,,,,
,,,,,,,,,
,,,,,,,,,
,,,,,,,,,
,,,,,,,,,
,,,,,,,,,
,,,,,,,,,
,,,,,,,,,
,,,,,,,,,
,,,,,,,,,
,,,,,,,,,
,,,,,,,,,
,,,,,,,,,
,,,,,,,,,
,,,,,,,,,
,,,,,,,,,
,,,,,,,,,
,,,,,,,,,
,,,,,,,,,
,,,,,,,,,
,,,,,,,,,
,,,,,,,,,
,,,,,,,,,
,,,,,,,,,
,,,,,,,,,
,,,,,,,,,
,,,,,,,,,
,,,,,,,,,
,,,,,,,,,
,,,,,,,,,
,,,,,,,,,
,,,,,,,,,
,,,,,,,,,
,,,,,,,,,
,,,,,,,,,
,,,,,,,,,
,,,,,,,,,
,,,,,,,,,
,,,,,,,,,
,,,,,,,,,
,,,,,,,,,
,,,,,,,,,
,,,,,,,,,
,,,,,,,,,
,,,,,,,,,
,,,,,,,,,
,,,,,,,,,
,,,,,,,,,
,,,,,,,,,
,,,,,,,,,
,,,,,,,,,
,,,,,,,,,
,,,,,,,,,
,,,,,,,,,
,,,,,,,,,
,,,,,,,,,
,,,,,,,,,
,,,,,,,,,
,,,,,,,,,
,,,,,,,,,
,,,,,,,,,
,,,,,,,,,
,,,,,,,,,
,,,,,,,,,
,,,,,,,,,
,,,,,,,,,
,,,,,,,,,
,,,,,,,,,
,,,,,,,,,
,,,,,,,,,
,,,,,,,,,
,,,,,,,,,
,,,,,,,,,
,,,,,,,,,
,,,,,,,,,
,,,,,,,,,
,,,,,,,,,
,,,,,,,,,
,,,,,,,,,
,,,,,,,,,
,,,,,,,,,
,,,,,,,,,
,,,,,,,,,
,,,,,,,,,
,,,,,,,,,
,,,,,,,,,
,,,,,,,,,
,,,,,,,,,
,,,,,,,,,
,,,,,,,,,
,,,,,,,,,
,,,,,,,,,
,,,,,,,,,
,,,,,,,,,
,,,,,,,,,
,,,,,,,,,
,,,,,,,,,
,,,,,,,,,
,,,,,,,,,
,,,,,,,,,
,,,,,,,,,
,,,,,,,,,
,,,,,,,,,
,,,,,,,,,
,,,,,,,,,
,,,,,,,,,
,,,,,,,,,
,,,,,,,,,
,,,,,,,,,
,,,,,,,,,
,,,,,,,,,
,,,,,,,,,
,,,,,,,,,
,,,,,,,,,
,,,,,,,,,
,,,,,,,,,
,,,,,,,,,
,,,,,,,,,
,,,,,,,,,
,,,,,,,,,
,,,,,,,,,
,,,,,,,,,
,,,,,,,,,
,,,,,,,,,
,,,,,,,,,
,,,,,,,,,
,,,,,,,,,
,,,,,,,,,
,,,,,,,,,
,,,,,,,,,
,,,,,,,,,
,,,,,,,,,
,,,,,,,,,
,,,,,,,,,
,,,,,,,,,
,,,,,,,,,
,,,,,,,,,
,,,,,,,,,
,,,,,,,,,
,,,,,,,,,
,,,,,,,,,
,,,,,,,,,
,,,,,,,,,
,,,,,,,,,
,,,,,,,,,
,,,,,,,,,
,,,,,,,,,
,,,,,,,,,
,,,,,,,,,
,,,,,,,,,
,,,,,,,,,
,,,,,,,,,
,,,,,,,,,
,,,,,,,,,
,,,,,,,,,
,,,,,,,,,
,,,,,,,,,
,,,,,,,,,
,,,,,,,,,
,,,,,,,,,
,,,,,,,,,
,,,,,,,,,
,,,,,,,,,
,,,,,,,,,
